﻿<?xml version="1.0" encoding="utf-8"?>
<ArrayOfGroup xmlns:xsi="http://www.w3.org/2001/XMLSchema-instance" xmlns:xsd="http://www.w3.org/2001/XMLSchema">
  <Group>
    <Name>Dashboard</Name>
    <Wallpaper>connect-dots.jpg</Wallpaper>
    <Modules>
      <ModuleReference>
        <Address>1</Address>
        <Domain>HomeAutomation.multicontroled</Domain>
      </ModuleReference>
      <ModuleReference>
        <Address>2</Address>
        <Domain>HomeAutomation.multicontroled</Domain>
      </ModuleReference>
      <ModuleReference>
        <Address>Kitchen</Address>
        <Domain>HomeGenie.UI.Separator</Domain>
      </ModuleReference>
      <ModuleReference>
        <Address>1</Address>
        <Domain>HomeAutomation.PhilipsHue</Domain>
      </ModuleReference>
      <ModuleReference>
        <Address>2</Address>
        <Domain>HomeAutomation.PhilipsHue</Domain>
      </ModuleReference>
      <ModuleReference>
        <Address>3</Address>
        <Domain>HomeAutomation.PhilipsHue</Domain>
      </ModuleReference>
      <ModuleReference>
        <Address>7</Address>
        <Domain>HomeAutomation.Z-stack</Domain>
      </ModuleReference>
      <ModuleReference>
        <Address>Floor Lamps</Address>
        <Domain>HomeGenie.UI.Separator</Domain>
      </ModuleReference>
      <ModuleReference>
        <Address>1</Address>
        <Domain>Rpi.Lights</Domain>
      </ModuleReference>
      <ModuleReference>
        <Address>2</Address>
        <Domain>Rpi.Lights</Domain>
      </ModuleReference>
      <ModuleReference>
        <Address>1</Address>
        <Domain>HomeAutomation.WeMo</Domain>
      </ModuleReference>
      <ModuleReference>
        <Address>Hall</Address>
        <Domain>HomeGenie.UI.Separator</Domain>
      </ModuleReference>
      <ModuleReference>
        <Address>2</Address>
        <Domain>HomeAutomation.Z-stack</Domain>
      </ModuleReference>
      <ModuleReference>
        <Address>3</Address>
        <Domain>HomeAutomation.Z-stack</Domain>
      </ModuleReference>
      <ModuleReference>
        <Address>4</Address>
        <Domain>HomeAutomation.Z-stack</Domain>
      </ModuleReference>
      <ModuleReference>
        <Address>5</Address>
        <Domain>HomeAutomation.Z-stack</Domain>
      </ModuleReference>
      <ModuleReference>
        <Address>Living Room</Address>
        <Domain>HomeGenie.UI.Separator</Domain>
      </ModuleReference>
      <ModuleReference>
        <Address>6</Address>
        <Domain>HomeAutomation.Z-stack</Domain>
      </ModuleReference>
      <ModuleReference>
        <Address>Weather</Address>
        <Domain>HomeGenie.UI.Separator</Domain>
      </ModuleReference>
      <ModuleReference>
        <Address>34</Address>
        <Domain>HomeAutomation.HomeGenie.Automation</Domain>
      </ModuleReference>
      <ModuleReference>
        <Address>70</Address>
        <Domain>HomeAutomation.HomeGenie.Automation</Domain>
      </ModuleReference>
      <ModuleReference>
        <Address>1</Address>
        <Domain>HomeAutomation.OneWire</Domain>
      </ModuleReference>
      <ModuleReference>
        <Address>1</Address>
        <Domain>HomeAutomation.BasicThermostat</Domain>
      </ModuleReference>
    </Modules>
  </Group>
  <Group>
    <Name>Color Lights</Name>
    <Wallpaper>wallpaper_009.jpg</Wallpaper>
    <Modules>
      <ModuleReference>
        <Address>1</Address>
        <Domain>HomeAutomation.PhilipsHue</Domain>
      </ModuleReference>
      <ModuleReference>
        <Address>2</Address>
        <Domain>HomeAutomation.PhilipsHue</Domain>
      </ModuleReference>
      <ModuleReference>
        <Address>3</Address>
        <Domain>HomeAutomation.PhilipsHue</Domain>
      </ModuleReference>
      <ModuleReference>
        <Address>Floor lamps</Address>
        <Domain>HomeGenie.UI.Separator</Domain>
      </ModuleReference>
      <ModuleReference>
        <Address>1</Address>
        <Domain>Rpi.Lights</Domain>
      </ModuleReference>
      <ModuleReference>
        <Address>2</Address>
        <Domain>Rpi.Lights</Domain>
      </ModuleReference>
      <ModuleReference>
        <Address>Automation</Address>
        <Domain>HomeGenie.UI.Separator</Domain>
      </ModuleReference>
      <ModuleReference>
        <Address>8</Address>
        <Domain>HomeAutomation.HomeGenie.Automation</Domain>
      </ModuleReference>
      <ModuleReference>
        <Address>6</Address>
        <Domain>HomeAutomation.HomeGenie.Automation</Domain>
      </ModuleReference>
      <ModuleReference>
        <Address>7</Address>
        <Domain>HomeAutomation.HomeGenie.Automation</Domain>
      </ModuleReference>
      <ModuleReference>
        <Address>1000</Address>
        <Domain>HomeAutomation.HomeGenie.Automation</Domain>
      </ModuleReference>
    </Modules>
  </Group>
  <Group>
    <Name>HOME</Name>
    <Wallpaper>wallpaper_005.jpg</Wallpaper>
    <Modules>
      <ModuleReference>
        <Address>Controls</Address>
        <Domain>HomeGenie.UI.Separator</Domain>
      </ModuleReference>
      <ModuleReference>
        <Address>70</Address>
        <Domain>HomeAutomation.HomeGenie.Automation</Domain>
      </ModuleReference>
      <ModuleReference>
        <Address>Raspberry</Address>
        <Domain>HomeGenie.UI.Separator</Domain>
      </ModuleReference>
      <ModuleReference>
        <Address>1001</Address>
        <Domain>HomeAutomation.HomeGenie.Automation</Domain>
      </ModuleReference>
      <ModuleReference>
        <Address>1</Address>
        <Domain>HomeAutomation.EnergyMonitor</Domain>
      </ModuleReference>
    </Modules>
  </Group>
  <Group>
    <Name>TV</Name>
    <Wallpaper />
    <Modules>
      <ModuleReference>
        <Address>a54d17ba-528a-8630-26bf-4f22639095e3</Address>
        <Domain>Protocols.UPnP</Domain>
      </ModuleReference>
    </Modules>
  </Group>
</ArrayOfGroup>