﻿<?xml version="1.0" encoding="utf-8"?>
<ArrayOfGroup xmlns:xsd="http://www.w3.org/2001/XMLSchema" xmlns:xsi="http://www.w3.org/2001/XMLSchema-instance">
  <Group>
    <Name>Dashboard</Name>
    <Wallpaper>wallpaper_001.jpg</Wallpaper>
    <Modules>
      <ModuleReference>
        <Address>1</Address>
        <Domain>HomeAutomation.multicontroled</Domain>
      </ModuleReference>
      <ModuleReference>
        <Address>2</Address>
        <Domain>HomeAutomation.multicontroled</Domain>
      </ModuleReference>
      <ModuleReference>
        <Address>Living Room</Address>
        <Domain>HomeGenie.UI.Separator</Domain>
      </ModuleReference>
      <ModuleReference>
        <Address>1</Address>
        <Domain>Rpi.Lights</Domain>
      </ModuleReference>
      <ModuleReference>
        <Address>2</Address>
        <Domain>Rpi.Lights</Domain>
      </ModuleReference>
      <ModuleReference>
        <Address>6</Address>
        <Domain>HomeAutomation.Z-stack</Domain>
      </ModuleReference>
      <ModuleReference>
        <Address>Kitchen</Address>
        <Domain>HomeGenie.UI.Separator</Domain>
      </ModuleReference>
      <ModuleReference>
        <Address>1</Address>
        <Domain>HomeAutomation.PhilipsHue</Domain>
      </ModuleReference>
      <ModuleReference>
        <Address>2</Address>
        <Domain>HomeAutomation.PhilipsHue</Domain>
      </ModuleReference>
      <ModuleReference>
        <Address>3</Address>
        <Domain>HomeAutomation.PhilipsHue</Domain>
      </ModuleReference>
      <ModuleReference>
        <Address>7</Address>
        <Domain>HomeAutomation.Z-stack</Domain>
      </ModuleReference>
      <ModuleReference>
        <Address>Hall</Address>
        <Domain>HomeGenie.UI.Separator</Domain>
      </ModuleReference>
      <ModuleReference>
        <Address>2</Address>
        <Domain>HomeAutomation.Z-stack</Domain>
      </ModuleReference>
      <ModuleReference>
        <Address>3</Address>
        <Domain>HomeAutomation.Z-stack</Domain>
      </ModuleReference>
      <ModuleReference>
        <Address>4</Address>
        <Domain>HomeAutomation.Z-stack</Domain>
      </ModuleReference>
      <ModuleReference>
        <Address>5</Address>
        <Domain>HomeAutomation.Z-stack</Domain>
      </ModuleReference>
      <ModuleReference>
        <Address>Weather</Address>
        <Domain>HomeGenie.UI.Separator</Domain>
      </ModuleReference>
      <ModuleReference>
        <Address>34</Address>
        <Domain>HomeAutomation.HomeGenie.Automation</Domain>
      </ModuleReference>
      <ModuleReference>
        <Address>70</Address>
        <Domain>HomeAutomation.HomeGenie.Automation</Domain>
      </ModuleReference>
      <ModuleReference>
        <Address>1</Address>
        <Domain>HomeAutomation.OneWire</Domain>
      </ModuleReference>
      <ModuleReference>
        <Address>1</Address>
        <Domain>HomeAutomation.BasicThermostat</Domain>
      </ModuleReference>
      <ModuleReference>
        <Address>1</Address>
        <Domain>HomeAutomation.WeMo</Domain>
      </ModuleReference>
    </Modules>
  </Group>
</ArrayOfGroup>