[
  {
    "author": "genielabs",
    "version": "v1.0",
    "title": "DHT-11 Sensor Module",
    "description": "DHT-11 Module for displaying temperature and humidity",
    "published": "2015-02-12T00:00:00Z",
    "sourcecode": "",
    "homepage": "",
    "widgets": [],
    "programs": [
      {
        "file": "DHT-11_Sensor.hgx",
        "name": "DHT-11 Sensor Module",
        "description": "DHT-11 Module for displaying temperature and humidity",
        "uid": "70",
        "group": "Raspberry Pi"
      }
    ],
    "interfaces": [],
    "folder_url": "https://raw.githubusercontent.com/genielabs/homegenie-packages/master/packages/Single%20Board%20Computers/Raspberry%20Pi/DHT-11%20Temperature%20and%20Humidity%20sensor",
    "install_date": "2016-07-02T13:01:38.428663Z"
  },
  {
    "author": "nolio",
    "version": "v1.0",
    "title": "WeMo Wi-Fi Plug",
    "description": "Control WeMo Wi-Fi Plug",
    "published": "2015-04-13T00:00:00Z",
    "sourcecode": "",
    "homepage": "http://www.homegenie.it/forum/index.php?topic=857.0",
    "widgets": [],
    "programs": [
      {
        "file": "wemo.hgx",
        "name": "WeMo Wi-Fi Plug",
        "description": "Control WeMo Wi-Fi Plug",
        "uid": "100508",
        "group": "Devices and Things"
      }
    ],
    "interfaces": [],
    "folder_url": "https://raw.githubusercontent.com/genielabs/homegenie-packages/master/packages/Devices%20and%20Things/WeMo%20Wi-Fi%20Plug",
    "install_date": "2016-11-23T20:00:38.606229Z"
  },
  {
    "author": "genielabs",
    "version": "v1.0",
    "title": "One-Wire Modules",
    "description": "One-Wire integration",
    "published": "2015-02-12T00:00:00Z",
    "sourcecode": "",
    "homepage": "",
    "widgets": [],
    "programs": [
      {
        "file": "One-Wire_Devices.hgx",
        "name": "One-Wire Modules",
        "description": "One-Wire integration",
        "uid": "133",
        "group": "Devices and Things"
      }
    ],
    "interfaces": [],
    "folder_url": "https://raw.githubusercontent.com/genielabs/homegenie-packages/master/packages/Devices%20and%20Things/One-Wire%20Devices",
    "install_date": "2017-04-10T22:04:51.533154Z"
  }
]