﻿<?xml version="1.0" encoding="utf-8"?>
<SystemConfiguration xmlns:xsi="http://www.w3.org/2001/XMLSchema-instance" xmlns:xsd="http://www.w3.org/2001/XMLSchema">
  <HomeGenie>
    <Settings>
      <ModuleParameter>
        <Name>Messaging.Email.Sender</Name>
        <Value />
        <Description />
        <FieldType />
        <UpdateTime>2014-04-19T10:24:49.9710739Z</UpdateTime>
      </ModuleParameter>
      <ModuleParameter>
        <Name>Messaging.Email.SmtpServer</Name>
        <Value />
        <Description />
        <FieldType />
        <UpdateTime>2014-04-19T10:24:49.9710739Z</UpdateTime>
      </ModuleParameter>
      <ModuleParameter>
        <Name>Messaging.Email.SmtpUserName</Name>
        <Value />
        <Description />
        <FieldType />
        <UpdateTime>2014-04-19T10:24:49.9710739Z</UpdateTime>
      </ModuleParameter>
      <ModuleParameter>
        <Name>Messaging.Email.SmtpPassword</Name>
        <Value />
        <Description />
        <FieldType />
        <UpdateTime>2014-04-19T10:24:49.9710739Z</UpdateTime>
      </ModuleParameter>
      <ModuleParameter>
        <Name>Messaging.Email.SmtpPort</Name>
        <Value>FcqYAOJCXvJMRIoHr7aqeQ==</Value>
        <Description />
        <FieldType />
        <UpdateTime>2018-09-09T20:20:46.118103Z</UpdateTime>
      </ModuleParameter>
      <ModuleParameter>
        <Name>Messaging.Email.SmtpUseSsl</Name>
        <Value>EfAL5Zl79v3bg3F/VZMgHg==</Value>
        <Description />
        <FieldType />
        <UpdateTime>2018-09-09T20:20:46.119717Z</UpdateTime>
      </ModuleParameter>
    </Settings>
    <Statistics MaxDatabaseSizeMBytes="5" StatisticsTimeResolutionSeconds="300" StatisticsUIRefreshSeconds="120" />
    <GUID>912d855f-ade4-411c-aa56-9805df1cff4f</GUID>
    <SystemName>HAL</SystemName>
    <Location>{ name: 'Rome, RM, Italia', latitude: 41.90278349999999, longitude: 12.496365500000024 }</Location>
    <EnableLogFile>false</EnableLogFile>
  </HomeGenie>
  <MigService>
    <Gateways>
      <Gateway Name="WebServiceGateway" IsEnabled="true">
        <Options>
          <Option Name="BaseUrl" Value="/hg/html" />
          <Option Name="HomePath" Value="html" />
          <Option Name="Host" Value="+" />
          <Option Name="Port" Value="80" />
          <Option Name="Username" Value="admin" />
          <Option Name="Password" Value="9E36B8D5C9795B885E57CE1C53CB514D4E8BEFEF" />
          <Option Name="HttpCacheIgnore.1" Value="^.*\/pages\/control\/widgets\/.*\.(js|html)$" />
          <Option Name="HttpCacheIgnore.2" Value="^.*\/html\/index.html" />
          <Option Name="UrlAlias.1" Value="api/HomeAutomation.HomeGenie/Logging/RealTime.EventStream:events" />
          <Option Name="UrlAlias.2" Value="hg/html/pages/control/widgets/homegenie/generic/images/socket_on.png:hg/html/pages/control/widgets/homegenie/generic/images/switch_on.png" />
          <Option Name="UrlAlias.3" Value="hg/html/pages/control/widgets/homegenie/generic/images/socket_off.png:hg/html/pages/control/widgets/homegenie/generic/images/switch_off.png" />
          <Option Name="UrlAlias.4" Value="hg/html/pages/control/widgets/homegenie/generic/images/siren.png:hg/html/pages/control/widgets/homegenie/generic/images/siren_on.png" />
          <Option Name="EnableFileCaching" Value="true" />
        </Options>
      </Gateway>
    </Gateways>
    <Interfaces>
      <Interface Domain="Protocols.UPnP" IsEnabled="true" AssemblyName="MIG.Protocols.dll">
        <Options />
      </Interface>
      <Interface Domain="HomeAutomation.ZWave" IsEnabled="false" AssemblyName="MIG.HomeAutomation.dll">
        <Options>
          <Option Name="Port" Value="" />
        </Options>
      </Interface>
      <Interface Domain="HomeAutomation.X10" IsEnabled="false" AssemblyName="MIG.HomeAutomation.dll">
        <Options>
          <Option Name="Port" Value="" />
          <Option Name="HouseCodes" Value="A" />
        </Options>
      </Interface>
    </Interfaces>
  </MigService>
</SystemConfiguration>